id,title,rating,tags,price,description,image_url,vendor,link
7.94E+12,10-Piece Cookware Set ,4.8,"Kitchen, Professional, Chef, Home",599,3-Ply stainless steel durability.,https://picsum.photos/seed/Home3/400/400,Wayfair,https://www.wayfair.com/search?q=10-Piece+Cookware+Set+#4
8.04E+12,10-Piece Cookware Set ,4.8,"Kitchen, Professional, Chef, Home",912,3-Ply stainless steel durability.,https://picsum.photos/seed/Home48/400/400,Wayfair,https://www.wayfair.com/search?q=10-Piece+Cookware+Set+#49
7.24E+12,16 Premium Silver Jhumka Set,4.6,"Jewelry, Ethnic, Earrings, Festive",1499,A curated collection of 16 pairs of silver-plated Jhumkas perfect for every traditional outfit.,https://cdn.shopify.com/s/files/1/0597/1663/2661/files/1_fcc6a72c-2378-4d97-9756-a42836bb30c7.png?v=1763985479,Meevyy,https://meevyy.com/products/premium-silver-jhumka-set
7.20E+12,18th Age Birthday Gift Hamper for Herüòç,4.9,"Milestone, 18th Birthday, Adulting, Her",2499,"The ultimate ""legal age"" celebration box for her packed with premium lifestyle gifts.",https://cdn.shopify.com/s/files/1/0597/1663/2661/files/1_2f0413d6-4c7a-4bda-be0f-0e8a472d2281.png?v=1762952479,Meevyy,https://meevyy.com/products/18th-age-birthday-gift-hamper-for-herüòç
7.20E+12,19 Age Birthday Gift Hamper for Herüòç,4.8,"19th Birthday, Milestone, Trendy, Her",2199,A special 19th-birthday edition hamper filled with premium gifts and personalized items.,https://cdn.shopify.com/s/files/1/0597/1663/2661/files/table_top_fe8b9671-3d71-4fbf-94b4-4ee61477beee.webp?v=1759579219,Meevyy,https://meevyy.com/products/19-age-birthday-gift-hamper-for-herüòç
7.25E+12,20 age Gift hamper for him üéÅ,4.7,"20th Birthday, Men, Grooming, Hamper",2213,A curated selection of tech snacks and grooming items for a 20-year-old.,https://cdn.shopify.com/s/files/1/0597/1663/2661/files/inhand_1.png?v=1764325106,Meevyy,https://meevyy.com/products/20-age-gift-hamper-for-him-üéÅ
7.25E+12,21 Age Birthday Gift Hamper for Herüòç,4.9,"21st Birthday, Milestone, Premium, Her",2599,A celebratory luxury hamper designed for a woman's milestone 21st birthday.,https://cdn.shopify.com/s/files/1/0597/1663/2661/files/table_top.png?v=1764325328,Meevyy,https://meevyy.com/products/21-age-birthday-gift-hamper-for-herüòç
7.25E+12,22 Birthday Gift Box for Him,4.7,"22nd Birthday, Men, Lifestyle, Luxury",2345,A sophisticated birthday box tailored for a 22-year-old man's lifestyle.,https://cdn.shopify.com/s/files/1/0597/1663/2661/files/inhand_2.png?v=1764325501,Meevyy,https://meevyy.com/products/22-birthday-gift-box-for-him
1.04E+13,3D Moon Lamp Model 1025,4,"Decor, Friends, Kids (0-12)",22,Premium quality 3D Moon Lamp ideal for Friends and suitable for Kids (0-12).,https://picsum.photos/seed/optgift925/400/400,Snapdeal,https://www.snapdeal.com/product/3d-moon-lamp-model-1025-8687
1.02E+13,3D Moon Lamp Model 935,4.4,"Decor, Colleagues, Kids (0-12)",141,Premium quality 3D Moon Lamp ideal for Colleagues and suitable for Kids (0-12).,https://picsum.photos/seed/optgift835/400/400,Snapdeal,https://www.snapdeal.com/product/3d-moon-lamp-model-935-5575
7.25E+12,8 Customized Polaroids,4.5,"Vintage, Memories, Photography, Decor",249,Set of 8 high-quality retro-style Polaroid prints of your favorite digital photos.,https://cdn.shopify.com/s/files/1/0597/1663/2661/files/P1.jpg?v=1764325675,Meevyy,https://meevyy.com/products/8-customized-polaroids
7.83E+12,A24 Movie Chocolate Set ,4.8,"Food, Cinema, Luxury, Entertainment",33,Concession stand flavored chocolate bars.,https://picsum.photos/seed/Entertainment4/400/400,A24 Films,https://www.a24films.com/search?q=A24+Movie+Chocolate+Set+#5
7.93E+12,A24 Movie Chocolate Set ,4.8,"Food, Cinema, Luxury, Entertainment",98,Concession stand flavored chocolate bars.,https://picsum.photos/seed/Entertainment49/400/400,A24 Films,https://www.a24films.com/search?q=A24+Movie+Chocolate+Set+#50
1.05E+13,Abstract Sculpture Model 1034,4.3,"Decor, Kids, Adults (20-50)",430,Premium quality Abstract Sculpture ideal for Kids and suitable for Adults (20-50).,https://picsum.photos/seed/optgift934/400/400,Myntra,https://www.myntra.com/abstract-sculpture-model-1034-8349
1.05E+13,Abstract Sculpture Model 1061,4.9,"Decor, Parents, Kids (0-12)",285,Premium quality Abstract Sculpture ideal for Parents and suitable for Kids (0-12).,https://picsum.photos/seed/optgift961/400/400,Myntra,https://www.myntra.com/abstract-sculpture-model-1061-3242
8.30E+12,Abstract Sculpture Model 107,4.5,"Decor, Colleagues, Teens (13-19)",475,Premium quality Abstract Sculpture ideal for Colleagues and suitable for Teens (13-19).,https://picsum.photos/seed/optgift7/400/400,Walmart,https://www.walmart.com/ip/abstract-sculpture-model-107-1592
8.40E+12,Abstract Sculpture Model 152,4.1,"Decor, Kids, Adults (20-50)",426,Premium quality Abstract Sculpture ideal for Kids and suitable for Adults (20-50).,https://picsum.photos/seed/optgift52/400/400,Walmart,https://www.walmart.com/ip/abstract-sculpture-model-152-4155
9.80E+12,Abstract Sculpture Model 755,4.4,"Decor, Kids, Kids (0-12)",363,Premium quality Abstract Sculpture ideal for Kids and suitable for Kids (0-12).,https://picsum.photos/seed/optgift655/400/400,Apple,https://www.apple.com/shop/abstract-sculpture-model-755-9733
1.04E+13,Abstract Sculpture Model 998,4,"Decor, Friends, Teens (13-19)",100,Premium quality Abstract Sculpture ideal for Friends and suitable for Teens (13-19).,https://picsum.photos/seed/optgift898/400/400,IKEA,https://www.ikea.com/us/en/p/abstract-sculpture-model-998-8298
8.06E+12,Acrylic Spotify Plaque ,4.9,"Music, Custom, Modern, Decor",15,Personalized song plaque with photo.,https://picsum.photos/seed/Decor4/400/400,Etsy,https://www.etsy.com/search?q=Acrylic+Spotify+Plaque+#5
7.36E+12,Acupressure Mat ,4.7,"Recovery, Wellness, Relaxation, Personal Care",35,Promotes blood flow and muscle recovery.,https://picsum.photos/seed/PersonalCare2/400/400,Amazon,https://www.amazon.com/search?q=Acupressure+Mat+#3
8.17E+12,Adjustable Dumbbells ,4.6,"Gym, Strength, Home, Sports",399,Space-saving weight set for home.,https://picsum.photos/seed/Sports2/400/400,Amazon,https://www.amazon.com/search?q=Adjustable+Dumbbells+#3
7.25E+12,Age Birthday Gift Hamper for Herüòç,4.7,"Birthday, Custom, Skincare, Hamper",1999,A themed celebration box tailored for her specific age featuring treats and beauty essentials.,https://cdn.shopify.com/s/files/1/0597/1663/2661/files/G1.jpg?v=1764325814,Meevyy,https://meevyy.com/products/age-birthday-gift-hamper-for-herüòç
1.04E+13,AI Recorder Model 1021,4.2,"Gadgets, Colleagues, Kids (0-12)",399,Premium quality AI Recorder ideal for Colleagues and suitable for Kids (0-12).,https://picsum.photos/seed/optgift921/400/400,Wayfair,https://www.wayfair.com/ai-recorder-model-1021-3389
9.75E+12,AI Recorder Model 733,4.3,"Gadgets, Parents, Adults (20-50)",249,Premium quality AI Recorder ideal for Parents and suitable for Adults (20-50).,https://picsum.photos/seed/optgift633/400/400,Snapdeal,https://www.snapdeal.com/product/ai-recorder-model-733-9411
9.79E+12,AI Recorder Model 751,4.1,"Gadgets, Kids, Teens (13-19)",208,Premium quality AI Recorder ideal for Kids and suitable for Teens (13-19).,https://picsum.photos/seed/optgift651/400/400,Amazon,https://www.amazon.com/dp/ai-recorder-model-751-6591
7.59E+12,AirTag 4-Pack ,4.9,"Tracking, Security, Apple, Gadgets",99,"Keep track of keys, wallets, and bags.",https://picsum.photos/seed/Gadgets3/400/400,Apple,https://www.apple.com/search?q=AirTag+4-Pack+#4
7.24E+12,‚ú® 365 Reasons of Love ‚Äì Message Jar Gift,4.9,"Romance, DIY, Anniversary, Sentimental",999,A glass jar containing 365 daily reasons why you love your partner.,https://cdn.shopify.com/s/files/1/0597/1663/2661/files/1_a5ecead5-1cab-4d60-8e44-ebb2d1767191.png?v=1763207073,Meevyy,https://meevyy.com/products/‚ú®-365-reasons-of-love-message-jar-gift
7.70E+12,Atomic Habits ,4.8,"Self-Help, Growth, Non-fiction, Books",15,Small changes for remarkable results.,https://picsum.photos/seed/Books0/400/400,Amazon,https://www.amazon.com/search?q=Atomic+Habits+#1
1.05E+13,Basketball Model 1062,4.5,"Sports, Friends, Teens (13-19)",100,Premium quality Basketball ideal for Friends and suitable for Teens (13-19).,https://picsum.photos/seed/optgift962/400/400,Apple,https://www.apple.com/shop/basketball-model-1062-3409
1.06E+13,Basketball Model 1080,4.4,"Sports, Kids, Kids (0-12)",86,Premium quality Basketball ideal for Kids and suitable for Kids (0-12).,https://picsum.photos/seed/optgift980/400/400,IKEA,https://www.ikea.com/us/en/p/basketball-model-1080-1046
8.17E+12,Basketball NBA Street ,4.7,"Outdoor, Ball, Kids, Sports",20,Durable rubber for outdoor play.,https://picsum.photos/seed/Sports4/400/400,Walmart,https://www.walmart.com/search?q=Basketball+NBA+Street+#5
8.19E+12,Basketball NBA Street ,4.7,"Outdoor, Ball, Kids, Sports",32,Durable rubber for outdoor play.,https://picsum.photos/seed/Sports9/400/400,Walmart,https://www.walmart.com/search?q=Basketball+NBA+Street+#10
8.28E+12,Bath Bombs Model 101,4,"Personal Care, Parents, Adults (20-50)",207,Premium quality Bath Bombs ideal for Parents and suitable for Adults (20-50).,https://picsum.photos/seed/optgift1/400/400,Ajio,https://www.ajio.com/bath-bombs-model-101-5213
1.04E+13,Bestseller Novel Model 1022,4.7,"Books, Parents, Adults (20-50)",332,Premium quality Bestseller Novel ideal for Parents and suitable for Adults (20-50).,https://picsum.photos/seed/optgift922/400/400,eBay,https://www.ebay.com/itm/bestseller-novel-model-1022-6793
7.25E+12,Birthday Hamper For Girls(Trendy),4.6,"Youth, Trendy, Beauty, Fashion",1899,A collection of the latest aesthetic accessories and beauty items for girls.,https://cdn.shopify.com/s/files/1/0597/1663/2661/files/998i_1.jpg?v=1764326106,Meevyy,https://meevyy.com/products/birthday-hamper-for-girlstrendy
1.05E+13,Bluetooth Speaker Model 1047,4.9,"Electronics, Siblings, Seniors (50+)",231,Premium quality Bluetooth Speaker ideal for Siblings and suitable for Seniors (50+).,https://picsum.photos/seed/optgift947/400/400,Amazon,https://www.amazon.com/dp/bluetooth-speaker-model-1047-1002
8.43E+12,Bluetooth Speaker Model 165,4.5,"Electronics, Spouse, Teens (13-19)",441,Premium quality Bluetooth Speaker ideal for Spouse and suitable for Teens (13-19).,https://picsum.photos/seed/optgift65/400/400,Apple,https://www.apple.com/shop/bluetooth-speaker-model-165-1941
8.47E+12,Bluetooth Speaker Model 183,4.3,"Electronics, Colleagues, Adults (20-50)",27,Premium quality Bluetooth Speaker ideal for Colleagues and suitable for Adults (20-50).,https://picsum.photos/seed/optgift83/400/400,IKEA,https://www.ikea.com/us/en/p/bluetooth-speaker-model-183-7426
8.36E+12,Board Game Model 132,4.4,"Entertainment, Colleagues, Teens (13-19)",107,Premium quality Board Game ideal for Colleagues and suitable for Teens (13-19).,https://picsum.photos/seed/optgift32/400/400,eBay,https://www.ebay.com/itm/board-game-model-132-6897
8.63E+12,Board Game Model 249,4.6,"Entertainment, Parents, Kids (0-12)",266,Premium quality Board Game ideal for Parents and suitable for Kids (0-12).,https://picsum.photos/seed/optgift149/400/400,Best Buy,https://www.bestbuy.com/site/board-game-model-249-6753
8.67E+12,Board Game Model 267,5,"Entertainment, Siblings, Seniors (50+)",383,Premium quality Board Game ideal for Siblings and suitable for Seniors (50+).,https://picsum.photos/seed/optgift167/400/400,eBay,https://www.ebay.com/itm/board-game-model-267-1435
1.05E+13,Body Lotion Model 1036,4.3,"Beauty, Colleagues, Adults (20-50)",189,Premium quality Body Lotion ideal for Colleagues and suitable for Adults (20-50).,https://picsum.photos/seed/optgift936/400/400,Snapdeal,https://www.snapdeal.com/product/body-lotion-model-1036-9488
8.41E+12,Body Lotion Model 154,4.8,"Beauty, Siblings, Kids (0-12)",312,Premium quality Body Lotion ideal for Siblings and suitable for Kids (0-12).,https://picsum.photos/seed/optgift54/400/400,Ajio,https://www.ajio.com/body-lotion-model-154-4675
7.25E+12,Bubble Heart Shaped Necklace,4.4,"Jewelry, Trendy, Minimalist, For Her",549,"A chic and modern ""bubble"" style heart pendant on a delicate gold or silver chain.",https://cdn.shopify.com/s/files/1/0597/1663/2661/files/il_794xN_1_.6411412846_rodp.jpg?v=1764326210,Meevyy,https://meevyy.com/products/bubble-heart-shaped-necklace
7.24E+12,Bum Bum Jet Set ,4.8,"Body Care, Travel, Fragrance, Beauty",3552,Iconic Brazilian bum bum cream and mist set.,https://picsum.photos/seed/Beauty1/400/400,Nykaa,https://www.nykaa.com/search?q=Bum+Bum+Jet+Set+#2
7.82E+12,Cocktails of the Movies ,4.6,"Mixology, Film, Party, Entertainment",21,Iconic drinks from Hollywood films.,https://picsum.photos/seed/Entertainment2/400/400,Walmart,https://www.walmart.com/search?q=Cocktails+of+the+Movies+#3
1.05E+13,Book Model 1067,5,"Books, Siblings, Kids (0-12)",160,Premium quality Cookbook ideal for Siblings and suitable for Kids (0-12).,https://picsum.photos/seed/optgift967/400/400,eBay,https://www.ebay.com/itm/cookbook-model-1067-9887
1.06E+13,Book Model 1076,4.5,"Books, Friends, Seniors (50+)",419,Premium quality Cookbook ideal for Friends and suitable for Seniors (50+).,https://picsum.photos/seed/optgift976/400/400,Amazon,https://www.amazon.com/dp/cookbook-model-1076-6735
7.25E+12,Customize Infinite Name Ring,4.7,"Jewelry, Infinity, Custom, Romantic",1199,A symbolic infinity ring crafted with the names of you and your loved one.,https://cdn.shopify.com/s/files/1/0597/1663/2661/files/InfiniteKaran2_1.jpg?v=1764326504,Meevyy,https://meevyy.com/products/customize-infinite-name-ring
7.19E+12,Customized Photo Frame on Wood with Calendar ü™µ,4.9,"Decor, Date, Anniversary, Wooden",849,A unique wooden frame that highlights a specific special date on a calendar layout.,https://cdn.shopify.com/s/files/1/0597/1663/2661/files/upto50_2.jpg?v=1757762820,Meevyy,https://meevyy.com/products/customized-photo-frame-on-wood-with-calendar
7.25E+12,Diamond Heart And Crown Name Necklace,4.8,"Jewelry, Personalized, Luxury, For Her",1899,A regal pendant featuring a diamond-studded crown and heart customized with your name.,https://cdn.shopify.com/s/files/1/0597/1663/2661/files/Skype_Picture_2024_11_06T12_27_01_490Z_1_1.jpg?v=1764327668,Meevyy,https://meevyy.com/products/diamond-heart-and-crown-name-necklace
1.04E+13,Digital Photo Frame Model 1003,4.6,"Gadgets, Colleagues, Kids (0-12)",383,Premium quality Digital Photo Frame ideal for Colleagues and suitable for Kids (0-12).,https://picsum.photos/seed/optgift903/400/400,Ajio,https://www.ajio.com/digital-photo-frame-model-1003-4880
1.05E+13,Digital Photo Frame Model 1057,4.9,"Gadgets, Friends, Adults (20-50)",483,Premium quality Digital Photo Frame ideal for Friends and suitable for Adults (20-50).,https://picsum.photos/seed/optgift957/400/400,Apple,https://www.apple.com/shop/digital-photo-frame-model-1057-6251
7.17E+12,Double Heart Wooden Engraving,4.8,"Anniversary, Decor, Love, Wood",649,Two interlocking hearts engraved on a solid block of premium wood.,https://cdn.shopify.com/s/files/1/0597/1663/2661/files/Dubul_Heart_with_Wooden_Frame_1200x1200_41fc3693-d1e1-464d-800d-2566dd3a0dda.webp?v=1754986200,Meevyy,https://meevyy.com/products/double-heart-wooden-engraving
7.17E+12,Drive Safe Keychain,4.8,"Travel, Safety, Stainless Steel, Gift",299,A durable and engraved keychain reminding your loved one to drive carefully.,https://cdn.shopify.com/s/files/1/0597/1663/2661/files/600x600_Wooden_Key_Drive_saf_key_f8729a53-0fc8-48e3-b181-63e4e396c426_1.png?v=1754988873,Meevyy,https://meevyy.com/products/drive-safe-keychain
1.04E+13,Dumbbell Set Model 1008,4.6,"Sports, Parents, Adults (20-50)",238,Premium quality Dumbbell Set ideal for Parents and suitable for Adults (20-50).,https://picsum.photos/seed/optgift908/400/400,Myntra,https://www.myntra.com/dumbbell-set-model-1008-4074
9.89E+12,Dumbbell Set Model 792,4.7,"Sports, Kids, Kids (0-12)",47,Premium quality Dumbbell Set ideal for Kids and suitable for Kids (0-12).,https://picsum.photos/seed/optgift692/400/400,Snapdeal,https://www.snapdeal.com/product/dumbbell-set-model-792-5927
9.95E+12,Dumbbell Set Model 819,4.2,"Sports, Spouse, Teens (13-19)",379,Premium quality Dumbbell Set ideal for Spouse and suitable for Teens (13-19).,https://picsum.photos/seed/optgift719/400/400,Ajio,https://www.ajio.com/dumbbell-set-model-819-2081
9.61E+12,Duvet Cover Model 673,4.6,"Home, Siblings, Adults (20-50)",321,Premium quality Duvet Cover ideal for Siblings and suitable for Adults (20-50).,https://picsum.photos/seed/optgift573/400/400,Amazon,https://www.amazon.com/dp/duvet-cover-model-673-6890
9.72E+12,Duvet Cover Model 718,5,"Home, Friends, Teens (13-19)",484,Premium quality Duvet Cover ideal for Friends and suitable for Teens (13-19).,https://picsum.photos/seed/optgift618/400/400,Ajio,https://www.ajio.com/duvet-cover-model-718-8944
1.03E+13,Duvet Cover Model 988,4.6,"Home, Colleagues, Adults (20-50)",231,Premium quality Duvet Cover ideal for Colleagues and suitable for Adults (20-50).,https://picsum.photos/seed/optgift888/400/400,Walmart,https://www.walmart.com/ip/duvet-cover-model-988-7820
1.04E+13,Electric Toothbrush Model 1010,4.9,"Personal Care, Colleagues, Kids (0-12)",257,Premium quality Electric Toothbrush ideal for Colleagues and suitable for Kids (0-12).,https://picsum.photos/seed/optgift910/400/400,Wayfair,https://www.wayfair.com/electric-toothbrush-model-1010-7667
1.05E+13,Electric Toothbrush Model 1073,4.8,"Personal Care, Colleagues, Seniors (50+)",472,Premium quality Electric Toothbrush ideal for Colleagues and suitable for Seniors (50+).,https://picsum.photos/seed/optgift973/400/400,IKEA,https://www.ikea.com/us/en/p/electric-toothbrush-model-1073-2132
8.30E+12,Electric Toothbrush Model 110,5,"Personal Care, Siblings, Teens (13-19)",143,Premium quality Electric Toothbrush ideal for Siblings and suitable for Teens (13-19).,https://picsum.photos/seed/optgift10/400/400,IKEA,https://www.ikea.com/us/en/p/electric-toothbrush-model-110-2766
7.46E+12,Electric Toothbrush Pro ,4.8,"Oral Care, Tech, Dental, Personal Care",114,Smart toothbrush with pressure sensor.,https://picsum.photos/seed/PersonalCare48/400/400,Best Buy,https://www.bestbuy.com/search?q=Electric+Toothbrush+Pro+#49
1.04E+13,Ergonomic Chair Model 1015,4.3,"Home, Friends, Teens (13-19)",289,Premium quality Ergonomic Chair ideal for Friends and suitable for Teens (13-19).,https://picsum.photos/seed/optgift915/400/400,Apple,https://www.apple.com/shop/ergonomic-chair-model-1015-1791
1.01E+13,Ergonomic Chair Model 889,4.6,"Home, Kids, Adults (20-50)",159,Premium quality Ergonomic Chair ideal for Kids and suitable for Adults (20-50).,https://picsum.photos/seed/optgift789/400/400,Newegg,https://www.newegg.com/p/ergonomic-chair-model-889-2372
1.04E+13,Espresso Machine Model 1024,4.4,"Home, Spouse, Adults (20-50)",36,Premium quality Espresso Machine ideal for Spouse and suitable for Adults (20-50).,https://picsum.photos/seed/optgift924/400/400,Amazon,https://www.amazon.com/dp/espresso-machine-model-1024-2627
1.03E+13,Espresso Machine Model 952,4,"Home, Siblings, Teens (13-19)",203,Premium quality Espresso Machine ideal for Siblings and suitable for Teens (13-19).,https://picsum.photos/seed/optgift852/400/400,IKEA,https://www.ikea.com/us/en/p/espresso-machine-model-952-9568
1.03E+13,Espresso Machine Model 979,4.8,"Home, Kids, Adults (20-50)",318,Premium quality Espresso Machine ideal for Kids and suitable for Adults (20-50).,https://picsum.photos/seed/optgift879/400/400,Snapdeal,https://www.snapdeal.com/product/espresso-machine-model-979-5955
1.04E+13,Facial Mask Model 1000,4.7,"Beauty, Siblings, Seniors (50+)",141,Premium quality Facial Mask ideal for Siblings and suitable for Seniors (50+).,https://picsum.photos/seed/optgift900/400/400,Meesho,https://www.meesho.com/facial-mask-model-1000-9115
1.03E+13,Facial Mask Model 982,4.6,"Beauty, Colleagues, Kids (0-12)",386,Premium quality Facial Mask ideal for Colleagues and suitable for Kids (0-12).,https://picsum.photos/seed/optgift882/400/400,Meesho,https://www.meesho.com/facial-mask-model-982-9754
7.17E+12,Fathers Day Wooden Personalized Photo Frame Gift For Dear Daddy,4.9,"Dad, Gift, Wooden, Fathers Day",599,"A heartfelt ""Dear Daddy"" engraved wooden frame to celebrate the best father in the world.",https://cdn.shopify.com/s/files/1/0597/1663/2661/files/FathersdaySB7x4.jpg?v=1754986085,Meevyy,https://meevyy.com/products/fathers-day-wooden-personalized-photo-frame-gift-for-dear-daddy
9.58E+12,Glow Serum Model 658,4.5,"Beauty, Kids, Seniors (50+)",160,Premium quality Glow Serum ideal for Kids and suitable for Seniors (50+).,https://picsum.photos/seed/optgift558/400/400,Newegg,https://www.newegg.com/p/glow-serum-model-658-9817
9.89E+12,Glow Serum Model 793,4.4,"Beauty, Parents, Kids (0-12)",483,Premium quality Glow Serum ideal for Parents and suitable for Kids (0-12).,https://picsum.photos/seed/optgift693/400/400,Ajio,https://www.ajio.com/glow-serum-model-793-8052
7.24E+12,Glow Starter Kit ,4.6,"Skincare, Glow, Gift Set, Beauty",370,A mini kit for instant skin radiance.,https://picsum.photos/seed/Beauty0/400/400,Nykaa,https://www.nykaa.com/search?q=Glow+Starter+Kit+#1
7.35E+12,Glow Starter Kit ,4.6,"Skincare, Glow, Gift Set, Beauty",235,A mini kit for instant skin radiance.,https://picsum.photos/seed/Beauty49/400/400,Nykaa,https://www.nykaa.com/search?q=Glow+Starter+Kit+#50
1.04E+13,Hair Oil Model 1009,4.3,"Beauty, Kids, Seniors (50+)",318,Premium quality Hair Oil ideal for Kids and suitable for Seniors (50+).,https://picsum.photos/seed/optgift909/400/400,Newegg,https://www.newegg.com/p/hair-oil-model-1009-4001
9.98E+12,Hair Oil Model 829,4.5,"Beauty, Spouse, Teens (13-19)",315,Premium quality Hair Oil ideal for Spouse and suitable for Teens (13-19).,https://picsum.photos/seed/optgift729/400/400,Apple,https://www.apple.com/shop/hair-oil-model-829-3975
1.00E+13,Hair Oil Model 838,4.1,"Beauty, Siblings, Adults (20-50)",278,Premium quality Hair Oil ideal for Siblings and suitable for Adults (20-50).,https://picsum.photos/seed/optgift738/400/400,Best Buy,https://www.bestbuy.com/site/hair-oil-model-838-1522
1.01E+13,Headphones Model 885,5,"Electronics, Friends, Teens (13-19)",377,Premium quality Headphones ideal for Friends and suitable for Teens (13-19).,https://picsum.photos/seed/optgift785/400/400,Best Buy,https://www.bestbuy.com/site/headphones-model-885-6938
1.03E+13,Headphones Model 948,4.8,"Electronics, Parents, Adults (20-50)",174,Premium quality Headphones ideal for Parents and suitable for Adults (20-50).,https://picsum.photos/seed/optgift848/400/400,Wayfair,https://www.wayfair.com/headphones-model-948-3252
1.03E+13,Headphones Model 975,4.8,"Electronics, Siblings, Adults (20-50)",220,Premium quality Headphones ideal for Siblings and suitable for Adults (20-50).,https://picsum.photos/seed/optgift875/400/400,Meesho,https://www.meesho.com/headphones-model-975-1012
1.04E+13,History Book Model 1004,4.5,"Books, Parents, Teens (13-19)",36,Premium quality History Book ideal for Parents and suitable for Teens (13-19).,https://picsum.photos/seed/optgift904/400/400,IKEA,https://www.ikea.com/us/en/p/history-book-model-1004-4008
1.04E+13,History Book Model 1031,4.8,"Books, Friends, Kids (0-12)",192,Premium quality History Book ideal for Friends and suitable for Kids (0-12).,https://picsum.photos/seed/optgift931/400/400,Myntra,https://www.myntra.com/history-book-model-1031-8635
1.01E+13,History Book Model 878,4.9,"Books, Siblings, Seniors (50+)",467,Premium quality History Book ideal for Siblings and suitable for Seniors (50+).,https://picsum.photos/seed/optgift778/400/400,Amazon,https://www.amazon.com/dp/history-book-model-878-5735
1.04E+13,Illustrated Fantasy Model 1013,4.1,"Books, Siblings, Kids (0-12)",492,Premium quality Illustrated Fantasy ideal for Siblings and suitable for Kids (0-12).,https://picsum.photos/seed/optgift913/400/400,eBay,https://www.ebay.com/itm/illustrated-fantasy-model-1013-6676
1.03E+13,Illustrated Fantasy Model 977,4.1,"Books, Colleagues, Adults (20-50)",400,Premium quality Illustrated Fantasy ideal for Colleagues and suitable for Adults (20-50).,https://picsum.photos/seed/optgift877/400/400,Best Buy,https://www.bestbuy.com/site/illustrated-fantasy-model-977-5878
7.25E+12,Instagram Viral Bracelet,4.5,"Trendy, Minimalist, Fashion, Gift",399,The minimalist aesthetic bracelet seen all over social media feeds.,https://cdn.shopify.com/s/files/1/0597/1663/2661/files/gg_1.jpg?v=1764328002,Meevyy,https://meevyy.com/products/instagram-viral-bracelet
7.47E+12,iPhone 16 Pro ,4.8,"Smartphone, Tech, iOS, Electronics",1000,The latest flagship with advanced camera.,https://picsum.photos/seed/Electronics2/400/400,Apple,https://www.apple.com/search?q=iPhone+16+Pro+#3
7.48E+12,iPhone 16 Pro ,4.8,"Smartphone, Tech, iOS, Electronics",1200,The latest flagship with advanced camera.,https://picsum.photos/seed/Electronics7/400/400,Apple,https://www.apple.com/search?q=iPhone+16+Pro+#8
7.58E+12,iPhone 16 Pro ,4.8,"Smartphone, Tech, iOS, Electronics",918,The latest flagship with advanced camera.,https://picsum.photos/seed/Electronics47/400/400,Apple,https://www.apple.com/search?q=iPhone+16+Pro+#48
7.47E+12,Kindle Paperwhite ,4.8,"Reading, Books, Waterproof, Electronics",132,E-reader with adjustable warm light.,https://picsum.photos/seed/Electronics1/400/400,Amazon,https://www.amazon.com/search?q=Kindle+Paperwhite+#2
8.05E+12,Kinfolk Coffee Table Book ,4.8,"Books, Decor, Aesthetic, Decor",45,Minimalist lifestyle and design guide.,https://picsum.photos/seed/Decor1/400/400,Amazon,https://www.amazon.com/search?q=Kinfolk+Coffee+Table+Book+#2
8.16E+12,Kinfolk Coffee Table Book ,4.8,"Books, Decor, Aesthetic, Decor",85,Minimalist lifestyle and design guide.,https://picsum.photos/seed/Decor46/400/400,Amazon,https://www.amazon.com/search?q=Kinfolk+Coffee+Table+Book+#47
8.16E+12,Kinfolk Garden Book ,4.8,"Books, Decor, Greenery, Decor",132,Beautifully shot garden inspirations.,https://picsum.photos/seed/Decor47/400/400,Amazon,https://www.amazon.com/search?q=Kinfolk+Garden+Book+#48
1.05E+13,Laptop Model 1038,4.4,"Electronics, Siblings, Adults (20-50)",297,Premium quality Laptop ideal for Siblings and suitable for Adults (20-50).,https://picsum.photos/seed/optgift938/400/400,eBay,https://www.ebay.com/itm/laptop-model-1038-3839
1.03E+13,Laptop Model 957,4.2,"Electronics, Kids, Seniors (50+)",388,Premium quality Laptop ideal for Kids and suitable for Seniors (50+).,https://picsum.photos/seed/optgift857/400/400,Meesho,https://www.meesho.com/laptop-model-957-6708
7.17E+12,Lawyer Gifts,4.5,"Professional, Office, Stationery, Custom",1299,Specialized gifts including scales of justice decor or engraved pens for legal pros.,https://cdn.shopify.com/s/files/1/0597/1663/2661/files/MrGoutamDas2400x2400_bc2d689a-cb2e-498c-b981-b544de6e664a.webp?v=1754985570,Meevyy,https://meevyy.com/products/lawyer-gifts
1.04E+13,Lip Balm Model 1018,5,"Beauty, Friends, Teens (13-19)",441,Premium quality Lip Balm ideal for Friends and suitable for Teens (13-19).,https://picsum.photos/seed/optgift918/400/400,Flipkart,https://www.flipkart.com/p/lip-balm-model-1018-5527
1.04E+13,Lip Balm Model 991,4.2,"Beauty, Spouse, Adults (20-50)",346,Premium quality Lip Balm ideal for Spouse and suitable for Adults (20-50).,https://picsum.photos/seed/optgift891/400/400,Newegg,https://www.newegg.com/p/lip-balm-model-991-9275
7.24E+12,Lip Care Set 2.0 ,4.9,"Lip Mask, Hydration, K-Beauty, Beauty",253,Berry mini lip mask and vanilla balm duo.,https://picsum.photos/seed/Beauty4/400/400,Ajio,https://www.ajio.com/search?q=Lip+Care+Set+2.0+#5
1.03E+13,Makeup Kit Model 973,4.6,"Beauty, Siblings, Teens (13-19)",103,Premium quality Makeup Kit ideal for Siblings and suitable for Teens (13-19).,https://picsum.photos/seed/optgift873/400/400,Walmart,https://www.walmart.com/ip/makeup-kit-model-973-8567
1.04E+13,Massage Gun Model 1019,4.6,"Personal Care, Colleagues, Seniors (50+)",388,Premium quality Massage Gun ideal for Colleagues and suitable for Seniors (50+).,https://picsum.photos/seed/optgift919/400/400,Myntra,https://www.myntra.com/massage-gun-model-1019-9838
7.35E+12,Men's Grooming Kit ,4.5,"Beard Care, Charcoal, Men, Beauty",2917,Comprehensive charcoal grooming set.,https://picsum.photos/seed/Beauty48/400/400,Amazon,https://www.amazon.com/search?q=Men's+Grooming+Kit+#49
7.17E+12,Moon Lamp,4.7,"Night Light, Galaxy, 3D, Decor",1199,A 3D-printed moon light wit,https://cdn.shopify.com/s/files/1/0597/1663/2661/files/06_c771ad70-5b9a-410a-973d-1961cf9cc476.webp?v=1754984900,Meevyy,https://meevyy.com/products/moon-lamp
8.05E+12,Moon Lamp 3D ,4.7,"Lighting, Bedroom, Gift, Decor",30,Realistic lunar texture night light.,https://picsum.photos/seed/Decor0/400/400,Amazon,https://www.amazon.com/search?q=Moon+Lamp+3D+#1
8.52E+12,Movie Projector Model 204,4.7,"Entertainment, Parents, Kids (0-12)",103,Premium quality Movie Projector ideal for Parents and suitable for Kids (0-12).,https://picsum.photos/seed/optgift104/400/400,Apple,https://www.apple.com/shop/movie-projector-model-204-1336
1.04E+13,Movie Projector Model 996,4.2,"Entertainment, Siblings, Kids (0-12)",104,Premium quality Movie Projector ideal for Siblings and suitable for Kids (0-12).,https://picsum.photos/seed/optgift896/400/400,Snapdeal,https://www.snapdeal.com/product/movie-projector-model-996-6354
1.05E+13,Multi-port Charger Model 1066,4.4,"Gadgets, Colleagues, Kids (0-12)",227,Premium quality Multi-port Charger ideal for Colleagues and suitable for Kids (0-12).,https://picsum.photos/seed/optgift966/400/400,Best Buy,https://www.bestbuy.com/site/multi-port-charger-model-1066-9824
7.81E+12,Mythos: Illustrated Edition ,4.9,"Mythology, Art, History, Books",21,Stephen Fry's retold Greek myths.,https://picsum.photos/seed/Books47/400/400,eBay,https://www.ebay.com/search?q=Mythos:+Illustrated+Edition+#48
7.16E+12,Natural Wooden Engraved Photo Frame with Free Stand,4.6,"Desktop, Wooden, Photo, Office",499,A freestanding natural wood frame with high-detail laser engraving.,https://cdn.shopify.com/s/files/1/0597/1663/2661/files/WhatsAppImage2025-04-26at6.45.32PM.jpg?v=1755858343,Meevyy,https://meevyy.com/products/natural-wooden-engraved-photo-frame-with-stand
7.93E+12,Nespresso Vertuo ,4.7,"Kitchen, Coffee, Luxury, Home",210,Automatic barista-quality coffee.,https://picsum.photos/seed/Home1/400/400,Wayfair,https://www.wayfair.com/search?q=Nespresso+Vertuo+#2
7.46E+12,Old Spice Body Wash & Spray ,4.6,"Men, Fragrance, Sport, Personal Care",71,Classic masculine scent combo.,https://picsum.photos/seed/PersonalCare46/400/400,Walmart,https://www.walmart.com/search?q=Old+Spice+Body+Wash+&+Spray+#47
7.71E+12,Ottolenghi COMFORT ,4.8,"Cookbook, Food, Kitchen, Books",35,Heartwarming recipes for the home.,https://picsum.photos/seed/Books3/400/400,Amazon,https://www.amazon.com/search?q=Ottolenghi+COMFORT+#4
8.17E+12,Oura Ring Gen 3 ,4.8,"Fitness, Sleep, Wearable, Sports",300,Discreet activity and sleep tracker.,https://picsum.photos/seed/Sports0/400/400,Amazon,https://www.amazon.com/search?q=Oura+Ring+Gen+3+#1
7.26E+12,Pasandida Aurat Letter Box 2.0,4.8,"Romantic, Viral, Urdu, Gift Box",1299,The upgraded viral letter box for your favorite woman including letters and small keepsakes.,https://cdn.shopify.com/s/files/1/0597/1663/2661/files/1_0a334250-141a-45a9-ab95-6bd1e3e0d2a1.jpg?v=1766736990,Meevyy,https://meevyy.com/products/pasandida-aurat-pink-letter-box
1.06E+13,Perfume Model 1090,4.5,"Beauty, Parents, Teens (13-19)",430,Premium quality Perfume ideal for Parents and suitable for Teens (13-19).,https://picsum.photos/seed/optgift990/400/400,Newegg,https://www.newegg.com/p/perfume-model-1090-6115
1.02E+13,Perfume Model 946,4.7,"Beauty, Kids, Kids (0-12)",456,Premium quality Perfume ideal for Kids and suitable for Kids (0-12).,https://picsum.photos/seed/optgift846/400/400,Best Buy,https://www.bestbuy.com/site/perfume-model-946-4919
7.20E+12,Personalized Name Kada,4.7,"Jewelry, Unisex, Custom, Bracelet",699,A sleek and adjustable metal Kada with high-precision name engraving.,https://cdn.shopify.com/s/files/1/0597/1663/2661/files/WhatsApp_Image_2025-11-04_at_3.56.31_PM.jpg?v=1762257343,Meevyy,https://meevyy.com/products/personalized-name-kada
7.26E+12,Personalized Night Light Lamp,4.8,"LED, Bedroom, Custom, Decor",899,An etched acrylic lamp that creates a warm and personalized glow in any room.,https://cdn.shopify.com/s/files/1/0597/1663/2661/files/8_0d322c40-2335-4216-ad61-a1a458633f7a.png?v=1765372673,Meevyy,https://meevyy.com/products/custom-night-light-lamp
7.20E+12,Personalized Photo Eye Necklace,4.6,"Jewelry, Unique, Photo, Evil Eye",849,"A creative eye-shaped pendant featuring a tiny photo inside the ""pupil.""",https://cdn.shopify.com/s/files/1/0597/1663/2661/files/e1.webp?v=1759904152,Meevyy,https://meevyy.com/products/personalized-photo-eye-necklace
7.20E+12,Personalized Photo Round Necklace,4.7,"Jewelry, Photo Pendant, Custom, Her",799,A circular pendant that holds a high-definition photo of your choice.,https://cdn.shopify.com/s/files/1/0597/1663/2661/files/unnamed_4_4_2.png?v=1759903761,Meevyy,https://meevyy.com/products/personalized-photo-round-necklace
7.17E+12,Personalized Wooden Slice Photo Frame ‚Äì Wedding Anniversary,4.9,"Anniversary, Wedding, Rustic, Decor",749,A natural wood bark slice printed with your wedding photo for a rustic and timeless look.,https://cdn.shopify.com/s/files/1/0597/1663/2661/files/WhatsAppImage2025-04-26at6.45.32PM.jpg?v=1755858343,Meevyy,https://meevyy.com/products/personalized-wooden-slice-photo-frame-wedding-anniversary
7.24E+12,Pineapple De-Pigmentation Combo ,4.5,"Facewash, Serum, Sunscreen, Beauty",1100,Brightening regime for clear skin.,https://picsum.photos/seed/Beauty3/400/400,Flipkart,https://www.flipkart.com/search?q=Pineapple+De-Pigmentation+Combo+#4
7.34E+12,Pineapple De-Pigmentation Combo ,4.5,"Facewash, Serum, Sunscreen, Beauty",1190,Brightening regime for clear skin.,https://picsum.photos/seed/Beauty45/400/400,Flipkart,https://www.flipkart.com/search?q=Pineapple+De-Pigmentation+Combo+#46
7.93E+12,PO√ÑNG Armchair ,4.6,"Furniture, Comfort, Modern, Home",200,Iconic resilient bentwood frame.,https://picsum.photos/seed/Home0/400/400,IKEA,https://www.ikea.com/search?q=PO√ÑNG+Armchair+#1
8.04E+12,PO√ÑNG Armchair ,4.6,"Furniture, Comfort, Modern, Home",535,Iconic resilient bentwood frame.,https://picsum.photos/seed/Home45/400/400,IKEA,https://www.ikea.com/search?q=PO√ÑNG+Armchair+#46
7.25E+12,Premium Birthday Box for your Pasandida Aurat ‚ô•Ô∏èüòçüòö,4.8,"Women's Luxury, Jewelry, Beauty",2899,A curated premium box for women featuring designer accessories and snacks.,https://cdn.shopify.com/s/files/1/0597/1663/2661/files/1.webp?v=1764328699,Meevyy,https://meevyy.com/products/premium-birthday-box-for-pasandida-aurat
7.26E+12,Premium Birthday Box for your Pasandida Mard‚ô•Ô∏èüòö,4.8,"Men's Luxury, Grooming, Classy",2991,A high-end birthday box for men featuring luxury watches or perfumes.,https://cdn.shopify.com/s/files/1/0597/1663/2661/files/1..png?v=1766060446,Meevyy,https://meevyy.com/products/premium-birthday-box-for-pasandida-mard
7.70E+12,Purple Hibiscus ,4.7,"Fiction, Coming-of-Age, Classic, Books",32,Story of a young girl in Nigeria.,https://picsum.photos/seed/Books1/400/400,Amazon,https://www.amazon.com/search?q=Purple+Hibiscus+#2
1.04E+13,Puzzle Set Model 1014,4,"Entertainment, Siblings, Seniors (50+)",101,Premium quality Puzzle Set ideal for Siblings and suitable for Seniors (50+).,https://picsum.photos/seed/optgift914/400/400,IKEA,https://www.ikea.com/us/en/p/puzzle-set-model-1014-5463
9.67E+12,Puzzle Set Model 699,4.3,"Entertainment, Friends, Kids (0-12)",321,Premium quality Puzzle Set ideal for Friends and suitable for Kids (0-12).,https://picsum.photos/seed/optgift599/400/400,Flipkart,https://www.flipkart.com/p/puzzle-set-model-699-4156
9.72E+12,Puzzle Set Model 717,4.3,"Entertainment, Kids, Seniors (50+)",188,Premium quality Puzzle Set ideal for Kids and suitable for Seniors (50+).,https://picsum.photos/seed/optgift617/400/400,Flipkart,https://www.flipkart.com/p/puzzle-set-model-717-3713
1.02E+13,Puzzle Set Model 906,4.5,"Entertainment, Kids, Adults (20-50)",393,Premium quality Puzzle Set ideal for Kids and suitable for Adults (20-50).,https://picsum.photos/seed/optgift806/400/400,Ajio,https://www.ajio.com/puzzle-set-model-906-8922
7.59E+12,RescueAir Pump ,4.6,"Auto, Tool, Tech, Gadgets",60,Compact air pump for tires and balls.,https://picsum.photos/seed/Gadgets1/400/400,eBay,https://www.ebay.com/search?q=RescueAir+Pump+#2
7.59E+12,Retro Radio Building Set ,4.8,"Lego, Tech, Decor, Gadgets",120,Lego icons set with Bluetooth connectivity.,https://picsum.photos/seed/Gadgets4/400/400,Amazon,https://www.amazon.com/search?q=Retro+Radio+Building+Set+#5
7.25E+12,Rose Bath & Body Set ,4.4,"Bath, Spa, Floral, For Her, Beauty",25,8-piece rose scented spa basket.,https://picsum.photos/seed/Beauty5/400/400,Walmart,https://www.walmart.com/search?q=Rose+Bath+&+Body+Set+#6
7.58E+12,Samsung Galaxy Watch6 ,4.7,"Wearable, Health, Android, Electronics",27083,Advanced monitoring with rotating bezel.,https://picsum.photos/seed/Electronics48/400/400,Amazon,https://www.amazon.com/search?q=Samsung+Galaxy+Watch6+#49
1.04E+13,Scented Candle Model 1007,4.7,"Decor, Friends, Kids (0-12)",452,Premium quality Scented Candle ideal for Friends and suitable for Kids (0-12).,https://picsum.photos/seed/optgift907/400/400,Newegg,https://www.newegg.com/p/scented-candle-model-1007-4196
9.76E+12,Scented Candle Model 737,4.8,"Decor, Siblings, Teens (13-19)",328,Premium quality Scented Candle ideal for Siblings and suitable for Teens (13-19).,https://picsum.photos/seed/optgift637/400/400,eBay,https://www.ebay.com/itm/scented-candle-model-737-4951
1.03E+13,Self-Help Guide Model 950,4.4,"Books, Spouse, Seniors (50+)",42,Premium quality Self-Help Guide ideal for Spouse and suitable for Seniors (50+).,https://picsum.photos/seed/optgift850/400/400,Newegg,https://www.newegg.com/p/self-help-guide-model-950-8492
1.03E+13,Self-Help Guide Model 959,4.6,"Books, Friends, Teens (13-19)",250,Premium quality Self-Help Guide ideal for Friends and suitable for Teens (13-19).,https://picsum.photos/seed/optgift859/400/400,Flipkart,https://www.flipkart.com/p/self-help-guide-model-959-2430
1.04E+13,Shaving Kit Model 1001,4,"Personal Care, Siblings, Adults (20-50)",103,Premium quality Shaving Kit ideal for Siblings and suitable for Adults (20-50).,https://picsum.photos/seed/optgift901/400/400,Newegg,https://www.newegg.com/p/shaving-kit-model-1001-8952
9.75E+12,Shaving Kit Model 731,4.9,"Personal Care, Colleagues, Teens (13-19)",151,Premium quality Shaving Kit ideal for Colleagues and suitable for Teens (13-19).,https://picsum.photos/seed/optgift631/400/400,IKEA,https://www.ikea.com/us/en/p/shaving-kit-model-731-1325
7.34E+12,Shea Edit Gift Set ,4.7,"Hydration, Shea Butter, Body Care, Beauty",3450,Rich shea body care with lip treatment.,https://picsum.photos/seed/Beauty44/400/400,The Body Shop,https://www.thebodyshop.com/search?q=Shea+Edit+Gift+Set+#45
1.02E+13,Silk Pillowcase Model 920,4.7,"Personal Care, Friends, Adults (20-50)",471,Premium quality Silk Pillowcase ideal for Friends and suitable for Adults (20-50).,https://picsum.photos/seed/optgift820/400/400,Myntra,https://www.myntra.com/silk-pillowcase-model-920-9129
7.47E+12,Silk Pillowcase Set ,4.9,"Sleep, Beauty, Luxury, Personal Care",25,100% mulberry silk for hair and skin health.,https://picsum.photos/seed/PersonalCare49/400/400,Amazon,https://www.amazon.com/search?q=Silk+Pillowcase+Set+#50
1.04E+13,Slow Cooker Model 1006,4.1,"Home, Spouse, Adults (20-50)",278,Premium quality Slow Cooker ideal for Spouse and suitable for Adults (20-50).,https://picsum.photos/seed/optgift906/400/400,Newegg,https://www.newegg.com/p/slow-cooker-model-1006-8167
7.94E+12,Slow Juicer ,4.5,"Kitchen, Health, Wellness, Home",150,Cold press juicer for maximum nutrients.,https://picsum.photos/seed/Home2/400/400,Walmart,https://www.walmart.com/search?q=Slow+Juicer+#3
1.04E+13,Smart Bulb Model 1012,4.4,"Gadgets, Parents, Seniors (50+)",426,Premium quality Smart Bulb ideal for Parents and suitable for Seniors (50+).,https://picsum.photos/seed/optgift912/400/400,Myntra,https://www.myntra.com/smart-bulb-model-1012-4592
1.05E+13,Smart Bulb Model 1039,4.7,"Gadgets, Friends, Adults (20-50)",300,Premium quality Smart Bulb ideal for Friends and suitable for Adults (20-50).,https://picsum.photos/seed/optgift939/400/400,eBay,https://www.ebay.com/itm/smart-bulb-model-1039-9033
1.01E+13,Smart Jump Rope Model 891,4.2,"Sports, Spouse, Teens (13-19)",449,Premium quality Smart Jump Rope ideal for Spouse and suitable for Teens (13-19).,https://picsum.photos/seed/optgift791/400/400,Best Buy,https://www.bestbuy.com/site/smart-jump-rope-model-891-8938
9.58E+12,Smartwatch Model 660,4.7,"Electronics, Spouse, Adults (20-50)",240,Premium quality Smartwatch ideal for Spouse and suitable for Adults (20-50).,https://picsum.photos/seed/optgift560/400/400,Walmart,https://www.walmart.com/ip/smartwatch-model-660-8064
9.94E+12,Smartwatch Model 813,4.9,"Electronics, Friends, Kids (0-12)",261,Premium quality Smartwatch ideal for Friends and suitable for Kids (0-12).,https://picsum.photos/seed/optgift713/400/400,eBay,https://www.ebay.com/itm/smartwatch-model-813-7997
1.01E+13,Smartwatch Model 903,4.1,"Electronics, Spouse, Seniors (50+)",372,Premium quality Smartwatch ideal for Spouse and suitable for Seniors (50+).,https://picsum.photos/seed/optgift803/400/400,Apple,https://www.apple.com/shop/smartwatch-model-903-7860
7.48E+12,Sonos Arc Ultra ,4.9,"Soundbar, Cinema, Home Audio, Electronics",899,Premium Dolby Atmos soundbar.,https://picsum.photos/seed/Electronics4/400/400,Amazon,https://www.amazon.com/search?q=Sonos+Arc+Ultra+#5
7.47E+12,Sony WH-1000XM5 ,4.9,"Audio, Noise-Cancelling, Travel, Electronics",230,Industry-leading noise cancelling headphones.,https://picsum.photos/seed/Electronics0/400/400,Best Buy,https://www.bestbuy.com/search?q=Sony+WH-1000XM5+#1
7.25E+12,Sorry Gift Box For your Pasandida Aurat‚ô•Ô∏è,4.7,"Apology, Romantic, Sweets, Healing",1499,The perfect peace offering box featuring treats and a sincere apology note.,https://cdn.shopify.com/s/files/1/0597/1663/2661/files/mevy-1.webp?v=1764490134,Meevyy,https://meevyy.com/products/sorry-gift-box-for-your-pasandida-aurat‚ô•Ô∏è
7.82E+12,Spider-Man 2 PS5 ,4.9,"Gaming, Action, Teen, Entertainment",69,Epic adventure in Marvel's NYC.,https://picsum.photos/seed/Entertainment0/400/400,Best Buy,https://www.bestbuy.com/search?q=Spider-Man+2+PS5+#1
7.17E+12,Spotify Plaque,4.9,"Music, Decor, Acrylic, Anniversary",649,High-quality acrylic plaque with a scannable Spotify code of your favorite song.,https://cdn.shopify.com/s/files/1/0597/1663/2661/files/WoodenSpotifyFrame.jpg?v=1754985912,Meevyy,https://meevyy.com/products/spotify-plaque
7.82E+12,Studio Ghibli Cookbook ,4.7,"Movie, Food, Fan-gift, Entertainment",20,Recipes from Totoro and Ponyo.,https://picsum.photos/seed/Entertainment1/400/400,Amazon,https://www.amazon.com/search?q=Studio+Ghibli+Cookbook+#2
7.20E+12,Sweet Letter Box for Pasandida Mard üí™,4.8,"Romantic, Men's Gift, Viral, Urdu",1199,"A specialized gift box and letter set for the ""favorite man"" in your life.",https://cdn.shopify.com/s/files/1/0597/1663/2661/files/1_553d2f5f-d41c-4fd3-8d30-af9630b841a9.png?v=1766775610,Meevyy,https://meevyy.com/products/sweet-letter-box-for-pasandida-mard-üí™
7.17E+12,Sweets Letter Box for Pasandida Aurat ü©∑,4.7,"Sweets, Foodie, Romantic, Urdu",1399,A box filled with premium sweets and a personalized note for your favorite woman.,https://cdn.shopify.com/s/files/1/0597/1663/2661/files/2_4423f7b1-beb2-468e-b68b-768b1f4c7619.png?v=1766775182,Meevyy,https://meevyy.com/products/sweets-letter-box-for-pasandida-aurat
9.92E+12,Tablet Model 804,4.9,"Electronics, Kids, Adults (20-50)",449,Premium quality Tablet ideal for Kids and suitable for Adults (20-50).,https://picsum.photos/seed/optgift704/400/400,Best Buy,https://www.bestbuy.com/site/tablet-model-804-5643
1.00E+13,Tablet Model 840,4.2,"Electronics, Colleagues, Seniors (50+)",221,Premium quality Tablet ideal for Colleagues and suitable for Seniors (50+).,https://picsum.photos/seed/optgift740/400/400,Snapdeal,https://www.snapdeal.com/product/tablet-model-840-1022
1.01E+13,Tablet Model 876,4.4,"Electronics, Spouse, Teens (13-19)",250,Premium quality Tablet ideal for Spouse and suitable for Teens (13-19).,https://picsum.photos/seed/optgift776/400/400,Amazon,https://www.amazon.com/dp/tablet-model-876-8518
7.71E+12,The Widow ,4.5,"Thriller, Mystery, Fiction, Books",15,A gripping psychological thriller.,https://picsum.photos/seed/Books4/400/400,Walmart,https://www.walmart.com/search?q=The+Widow+#5
8.17E+12,Theragun Mini ,4.7,"Recovery, Massage, Fitness, Sports",179,Portable deep tissue massage gun.,https://picsum.photos/seed/Sports1/400/400,Best Buy,https://www.bestbuy.com/search?q=Theragun+Mini+#2
9.25E+12,Tracking Tag Model 517,4.2,"Gadgets, Kids, Adults (20-50)",345,Premium quality Tracking Tag ideal for Kids and suitable for Adults (20-50).,https://picsum.photos/seed/optgift417/400/400,Newegg,https://www.newegg.com/p/tracking-tag-model-517-3310
9.29E+12,Tracking Tag Model 535,4.9,"Gadgets, Siblings, Teens (13-19)",101,Premium quality Tracking Tag ideal for Siblings and suitable for Teens (13-19).,https://picsum.photos/seed/optgift435/400/400,Myntra,https://www.myntra.com/tracking-tag-model-535-5326
1.02E+13,Tracking Tag Model 940,4.1,"Gadgets, Siblings, Seniors (50+)",369,Premium quality Tracking Tag ideal for Siblings and suitable for Seniors (50+).,https://picsum.photos/seed/optgift840/400/400,Snapdeal,https://www.snapdeal.com/product/tracking-tag-model-940-3694
7.26E+12,Valentine Gift Hamper,4.6,"Romance, February 14, Flowers, Teddy",1999,A comprehensive Valentine's Day kit with chocolates teddy and cards.,https://cdn.shopify.com/s/files/1/0597/1663/2661/files/6_930c6d54-5321-4f30-8cd7-96c6ec82c267.png?v=1765278966,Meevyy,https://meevyy.com/products/valentine-gift-hamper
7.17E+12,Valentine‚Äôs Day Combo of Personalized Photo Frame and Teddy Box,4.7,"Valentine, Romance, Teddy, Combo",1599,A romantic combo featuring a personalized frame paired with a premium plush teddy box.,https://cdn.shopify.com/s/files/1/0597/1663/2661/files/HeartWood.jpg?v=1754986522,Meevyy,https://meevyy.com/products/valentine-s-day-combo-of-personalized-photo-frame-and-teddy-box
1.02E+13,Vase Model 944,4.1,"Decor, Spouse, Teens (13-19)",210,Premium quality Vase ideal for Spouse and suitable for Teens (13-19).,https://picsum.photos/seed/optgift844/400/400,Walmart,https://www.walmart.com/ip/vase-model-944-2303
1.03E+13,Vase Model 962,4.3,"Decor, Kids, Kids (0-12)",22,Premium quality Vase ideal for Kids and suitable for Kids (0-12).,https://picsum.photos/seed/optgift862/400/400,Best Buy,https://www.bestbuy.com/site/vase-model-962-8307
1.03E+13,Vase Model 971,4.3,"Decor, Kids, Adults (20-50)",69,Premium quality Vase ideal for Kids and suitable for Adults (20-50).,https://picsum.photos/seed/optgift871/400/400,Amazon,https://www.amazon.com/dp/vase-model-971-9616
1.02E+13,Vinyl Record Model 942,4.3,"Entertainment, Spouse, Adults (20-50)",479,Premium quality Vinyl Record ideal for Spouse and suitable for Adults (20-50).,https://picsum.photos/seed/optgift842/400/400,Walmart,https://www.walmart.com/ip/vinyl-record-model-942-4224
1.03E+13,Vinyl Record Model 951,4.7,"Entertainment, Colleagues, Seniors (50+)",337,Premium quality Vinyl Record ideal for Colleagues and suitable for Seniors (50+).,https://picsum.photos/seed/optgift851/400/400,Newegg,https://www.newegg.com/p/vinyl-record-model-951-2106
7.92E+12,Vinyl Record Player ,4.5,"Music, Retro, Home, Entertainment",158,Portable turntable with built-in speakers.,https://picsum.photos/seed/Entertainment43/400/400,Target,https://www.target.com/search?q=Vinyl+Record+Player+#44
7.93E+12,Vinyl Record Player ,4.5,"Music, Retro, Home, Entertainment",165,Portable turntable with built-in speakers.,https://picsum.photos/seed/Entertainment48/400/400,Target,https://www.target.com/search?q=Vinyl+Record+Player+#49
9.13E+12,Wall Art Model 467,4.5,"Decor, Colleagues, Adults (20-50)",486,Premium quality Wall Art ideal for Colleagues and suitable for Adults (20-50).,https://picsum.photos/seed/optgift367/400/400,Amazon,https://www.amazon.com/dp/wall-art-model-467-6266
1.02E+13,Wall Art Model 908,4.6,"Decor, Parents, Kids (0-12)",134,Premium quality Wall Art ideal for Parents and suitable for Kids (0-12).,https://picsum.photos/seed/optgift808/400/400,Myntra,https://www.myntra.com/wall-art-model-908-5669
1.05E+13,Water Bottle Model 1044,4.8,"Sports, Kids, Teens (13-19)",251,Premium quality Water Bottle ideal for Kids and suitable for Teens (13-19).,https://picsum.photos/seed/optgift944/400/400,Flipkart,https://www.flipkart.com/p/water-bottle-model-1044-7331
8.63E+12,Water Bottle Model 252,4.6,"Sports, Colleagues, Kids (0-12)",22,Premium quality Water Bottle ideal for Colleagues and suitable for Kids (0-12).,https://picsum.photos/seed/optgift152/400/400,Apple,https://www.apple.com/shop/water-bottle-model-252-9063
1.04E+13,Water Bottle Model 999,4.2,"Sports, Friends, Seniors (50+)",188,Premium quality Water Bottle ideal for Friends and suitable for Seniors (50+).,https://picsum.photos/seed/optgift899/400/400,Best Buy,https://www.bestbuy.com/site/water-bottle-model-999-6306
7.46E+12,Women's Deluxe Travel Kit ,4.3,"Travel, Hygiene, Miniatures, Personal Care",34,11-piece essential travel kit for women.,https://picsum.photos/seed/PersonalCare45/400/400,Walmart,https://www.walmart.com/search?q=Women's+Deluxe+Travel+Kit+#46
8.16E+12,Woodland Accent Rug ,4.6,"Flooring, Home, Aesthetic, Decor",140,Nature-inspired texture for living rooms.,https://picsum.photos/seed/Decor48/400/400,Wayfair,https://www.wayfair.com/search?q=Woodland+Accent+Rug+#49
1.04E+13,Yoga Mat Model 1017,4.5,"Sports, Siblings, Seniors (50+)",266,Premium quality Yoga Mat ideal for Siblings and suitable for Seniors (50+).,https://picsum.photos/seed/optgift917/400/400,Apple,https://www.apple.com/shop/yoga-mat-model-1017-9805
1.03E+13,Yoga Mat Model 981,4.7,"Sports, Siblings, Kids (0-12)",242,Premium quality Yoga Mat ideal for Siblings and suitable for Kids (0-12).,https://picsum.photos/seed/optgift881/400/400,Myntra,https://www.myntra.com/yoga-mat-model-981-7895
8.17E+12,Yoga Mat Pro ,4.8,"Wellness, Fitness, Non-slip, Sports",50,High-grip mat for yoga and pilates.,https://picsum.photos/seed/Sports3/400/400,Amazon,https://www.amazon.com/search?q=Yoga+Mat+Pro+#4
7.59E+12,Zippy Charger ,4.8,"Travel, Mobile, Tech, Gadgets",20,High-speed multi-device charger.,https://picsum.photos/seed/Gadgets2/400/400,Newegg,https://www.newegg.com/search?q=Zippy+Charger+#3
